id,v1,v2,v3,v4,v5,v6,v7,v8,v9,v10,v11,v12,v13,v14,v15,v16,v17,v18,v19,v20,v21,v22,v23,v24,e1,e2,e3,e4,e5,e6,e7,e8,e9,e10,e11,e12,e13,e14,e15,e16,e17,e18,e19,e20,e21,e22,e23,e24
PPS-DEV-01,1,0,0,0,0,0,0,0,0,0,0,0,0,0,0,0,0,0,0,0,0,0,0,0,"라. 본 용역은 「고등교육법」 제2조에 따른 대학 또는 「산업교육진흥
및 산학연협력촉진에 관한 법률」 제25조에 따른 산학협력단만 참여 가능함",,,,,,,,,,,,,,,,,,,,,,,
PPS-DEV-02,0,1,0,0,0,0,0,0,0,0,0,0,0,0,0,0,0,0,0,0,0,0,0,0,,○ 외국 학술지 공급계약을 3천만원 이상 체결한 실적이 있는 자,,,,,,,,,,,,,,,,,,,,,,
PPS-DEV-03,0,0,0,0,0,0,0,0,0,0,0,0,0,0,0,0,0,0,0,0,0,0,0,0,,,,,,,,,,,,,,,,,,,,,,,,
PPS-DEV-04,0,0,0,0,0,0,0,0,0,0,0,0,0,0,0,0,0,0,0,1,0,0,0,0,,,,,,,,,,,,,,,,,,,,,,,,
PPS-DEV-05,0,0,1,0,0,0,0,1,0,0,0,0,0,1,0,0,0,0,0,0,0,0,0,1,,,② 공고일 전일부터 기산하여 최근 7년간 지표·시굴·정밀발굴을 포함한 매장유산 조사업무를 수행하고 그 준공금액이 단일 용역으로 5억원 이상인 실적을 보유한 자,,,,,② 공고일 전일부터 기산하여 최근 7년간 지표·시굴·정밀발굴을 포함한 매장유산 조사업무를 수행하고 그 준공금액이 단일 용역으로 5억원 이상인 실적을 보유한 자,,,,,,③ 「중소기업기본법」 제2조에 따른 중소기업 및 「소상공인 보호 및 지원에 관한 법률」 제2조에 따른 소상공인으로서 「중소기업 범위 및 확인에 관한 규정」에 따라 발급된 중소기업·소상공인 확인서를 소지한 업체,,,,,,,,,,"가. 제한경쟁, 총액입찰, 적격심사(추정가격 5억원미만 2.5억원이상인 매장유산 조사용역 적격심사의 평가기준)에 의하며 조달청 전자입찰시스템(http://www.g2b.go.kr)을 공용 사용하여 전자입찰 방식으로 집행합니다."
PPS-DEV-06,0,0,0,0,0,0,0,0,0,0,0,0,0,0,0,0,0,0,0,0,0,0,0,0,,,,,,,,,,,,,,,,,,,,,,,,
PPS-DEV-07,0,0,0,0,1,0,0,0,0,0,0,0,0,0,0,0,0,0,0,0,0,0,0,0,,,,,마. 본사(주된 영업소)의 소재지가 서울특별시에 있는 업체,,,,,,,,,,,,,,,,,,,
PPS-DEV-08,0,0,0,0,0,1,0,0,0,0,0,0,0,0,0,0,0,0,0,0,0,0,0,0,,,,,,라. 입찰공고일 전일부터 계약체결일까지 주된 영업소가 서울특별시 [지역:r1|단위=기초|광역=서울특별시] 내에 소재하고 있는 업체이어야 합니다.,,,,,,,,,,,,,,,,,,
PPS-DEV-09,0,0,0,0,0,0,0,0,0,1,0,0,1,0,0,0,0,0,0,0,0,0,0,0,,,,,,,,,,,,,"라.「중소기업기본법」제2조에 따른 중기업 또는 소기업이거나 「소상공인 보호 및 지원에 관한 법률」제2조에 따른 소상공인으로서 「중소기업 범위 및 확인에 관한 규정」에 따라 발급된 중․소기업․소상공인 확인서(중소기업확인서)를 소지한 업체이어야 합니다. (단, 중소기업확인서는 전자입찰서 제출마감일 전일까지 발급된 것으로 유효기간 내에 있어야 함)`",,,,,,,,,,,
PPS-DEV-10,0,0,0,0,0,0,1,0,0,0,0,0,0,0,0,0,0,0,0,0,0,0,0,0,,,,,,,③ 입찰공고일 전일부터 입찰일(낙찰자는 계약체결일)까지 법인등기부상 본점 소재지(개인사업자인 경우에는 사업자등록증 또는 관련 법령에 따른 허가·인가·면허·등록·신고 등에 관련된 서류에 기재된 사업장의 소재지)를 계속하여 전북특별자치도 또는 충청남도 또는 충청북도에 둔 업체여야 합니다.,,,,,,,,,,,,,,,,,
PPS-DEV-11,1,0,0,0,0,0,0,1,0,0,0,0,1,0,0,0,0,0,0,0,0,0,0,0,"※ 유의사항 : 자격증, 교육 및 훈련 실적 등은 입찰공고일 이전에 국가, 지자체, 기타 공인된 기관에서 발행(인증)한 현황에 한하여 평점, 합산함",,,,,,,- 최근 3년 이내에 단일 계약금액 5천만원 이상의 컨퍼런스·포럼 등 행사 운영 용역을 수행한 실적을 보유한 업체,,,,,-「중소기업기본법」제2조에 따른 중‧소기업 또는「소상공인 보호 및 지원에 관한 법률」제2조에 따른 소상공인으로서「중소기업 범위 및 확인에 관한 규정」에 따라 발급된 중기업 또는 소기업․소상공인확인서를 소지한 업체,,,,,,,,,,,
PPS-DEV-12,0,0,0,0,0,0,0,0,1,0,0,0,0,0,0,0,0,0,0,0,0,0,0,0,,,,,,,,,- 제조사·모델명 : 아크론브라스(Akron Brass) 터보젯(TurboJet),,,,,,,,,,,,,,,
PPS-DEV-13,0,0,0,0,0,0,0,0,0,0,0,0,0,0,0,0,0,0,0,0,0,0,0,0,,,,,,,,,,,,,,,,,,,,,,,,
PPS-DEV-14,0,0,0,0,0,0,0,0,0,0,1,0,0,0,0,0,0,0,0,0,0,0,0,0,,,,,,,,,,,,,,,,,,,,,,,,
PPS-DEV-15,1,0,0,0,0,0,0,0,0,0,0,1,0,0,0,0,0,0,0,0,0,0,0,0,"가. 본 입찰은「지방자치단체를 당사자로 하는 계약에 관한 법률 시행령」제18조에 따른 ‘2단계 입찰(규격·가격 동시입찰)’로 가격입찰서와 규격입찰서(제안서)는 동시에 제출하고, 규격입찰 평가결과 적격자로 선정된 자에 한하여 가격입찰을 개찰합니다.",,,,,,,,,,,"마. 본 입찰 대상 물품(과일류, 세부품명번호 5030990101)에 대한 직접생산확인증명서를 보유한 자이어야 합니다.",,,,,,,,,,,,
PPS-DEV-16,0,1,0,0,0,0,0,1,0,0,1,0,0,0,0,0,0,0,0,0,0,0,0,0,,"- 장비보유기준실적 충족여부 확인을 위한 증빙서류: 자동차등록증, 자동차등록원부, 보험(공제)가입증명서, 정기점검·검사합격증명서류",,,,,,"- 장비보유기준실적 충족여부 확인을 위한 증빙서류: 자동차등록증, 자동차등록원부, 보험(공제)가입증명서, 정기점검·검사합격증명서류",,,,,,,,,,,,,,,,
PPS-DEV-17,0,0,0,0,0,0,0,0,0,0,0,0,0,1,0,0,0,0,0,0,0,0,0,0,,,,,,,,,,,,,,다. 「중소기업기본법」제2조에 따른 중소기업자 또는 「소상공인 보호 및 지원에 관한 법률」제2조에 따른 소상공인으로서 중소기업확인서를 소지한 업체이어야 합니다.,,,,,,,,,,
PPS-DEV-18,0,0,0,0,0,0,0,0,0,0,0,0,0,0,1,0,0,0,0,0,0,0,0,0,,,,,,,,,,,,,,,라. 「중소기업제품 구매촉진 및 판로지원에 관한 법률 시행령」제2조의2 제1항 규정에 따른 소기업으로서 ‘중·소기업·소상공인 및 장애인 기업 확인 요령’에 따라 발급된 소기업 또는 소상공인 확인서를 소지한 자,,,,,,,,,
PPS-DEV-19,0,0,0,0,0,0,0,0,0,0,0,0,0,0,1,0,0,0,0,0,0,0,0,0,,,,,,,,,,,,,,,3) 「중소기업기본법」제2조제2항에 규정된 소기업자 또는 「소기업 및 소상공인 지원을 위한 특별조치법」 제2조에 따른 소기업·소상공인으로 「중소기업 범위 및 확인에 관한 규정」에 따라 발급된 ‘소기업·소상공인 확인서’를 소지한 자,,,,,,,,,
PPS-DEV-20,0,0,0,0,0,0,0,0,0,0,0,0,0,0,0,1,0,0,0,0,0,0,0,1,,,,,,,,,,,,,,,,,,,,,,,,"1) 평가기준 : 서울특별시 일반용역 적격심사 세부기준 제4조 제1항
(별표1 : 추정가격 2억원 미만인 용역)을 적용"
PPS-DEV-21,0,0,0,0,0,0,0,0,0,0,0,0,0,0,0,0,1,0,0,0,0,0,0,0,,,,,,,,,,,,,,,,,"다. 「중소기업기본법」제2조에 따른 중소기업 또는 「소상공인 보호 및 지원에 관한 법률」제2조에
따른 소상공인으로서 「중소기업범위 및 확인에 관한 규정」에 따라 발급된 중소기업·소상공인확인서를
소지한 자이어야 합니다.(계약체결일까지 제출하여야 하며 유효기간 내에 있어야 함)",,,,,,,
PPS-DEV-22,0,0,0,0,0,0,0,0,0,0,0,0,0,0,0,0,0,1,0,0,0,0,0,0,,,,,,,,,,,,,,,,,,,,,,,,
PPS-DEV-23,0,0,0,0,0,0,0,0,0,1,0,0,0,0,0,0,0,0,1,0,0,0,0,0,,,,,,,,,,,,,,,,,,,"- 본 사업은 물품제조사(공급사)·기술지원사의 물품공급·기술지원이 필요한 사업으로 첨부된 물품공급·기술지원협약서 내용을 확인 후 입찰 참가하시기 바라며, 입찰 참가자는 제조사(공급사)·기술지원사로부터 물품공급·기술지원 확약서를 전자입찰서 제출 마감일 전까지 보유하여야 하고, 계약 시 제출해야 합니다.",,,,,
PPS-DEV-24,0,0,0,0,0,0,0,0,0,0,0,0,0,0,0,0,0,0,0,1,0,0,0,0,,,,,,,,,,,,,,,,,,,,,,,,
PPS-DEV-25,0,0,0,0,0,0,0,0,0,0,0,0,0,0,0,0,0,0,0,0,1,0,0,0,,,,,,,,,,,,,,,,,,,,,"2) 공동수급(공동이행방식)을 허용하며, 공동수급 참여자(구성원)는 조달청 입찰참가자격을 충족하여야 한다. 공동수급체 구성원은 주사업자(대표자)를 명시한 공동협정서를 반드시 제출하여야 하며, 대표[담당자] 지분참여 비율이 많은 업체로 한다. (최소 지분율 3% 이상)",,,
PPS-DEV-26,0,0,0,0,0,0,0,0,0,0,0,1,0,0,0,0,0,0,0,0,0,0,0,0,,,,,,,,,,,,"○ 계약담당공무원은 계약상대자가 직접생산 확인기준을 위반한 사실을 확인한 경우 계약해지, 계약보증금 국고 귀속, 입찰참가자격 제한 등의 조치를 할 수 있습니다. 다만, 해당 계약물품을 직접생산 확인기준을 위반하여 제조․납품한 사실이 없는 경우에는 입찰참가자격 제한 조치는 제외할 수 있습니다.",,,,,,,,,,,,
PPS-DEV-27,0,0,0,0,0,0,0,0,0,0,0,0,0,0,0,0,0,0,0,0,0,0,0,0,,,,,,,,,,,,,,,,,,,,,,,,
PPS-DEV-28,0,0,0,0,0,0,0,0,0,0,0,0,0,1,0,0,0,0,0,0,0,0,0,0,,,,,,,,,,,,,,중·소기업·소상공인 확인서,,,,,,,,,,
PPS-DEV-29,0,0,0,0,0,0,0,0,0,0,0,0,0,0,0,0,0,0,0,0,0,0,0,1,,,,,,,,,,,,,,,,,,,,,,,,"나. 용역금액: 금37,930,000원(추정가격 34,481,818원, 부가가치세 3,448,182원)"
PPS-DEV-30,0,0,0,0,0,0,0,0,0,0,0,0,0,0,0,0,0,0,0,0,0,0,0,0,,,,,,,,,,,,,,,,,,,,,,,,
PPS-DEV-31,0,0,0,0,0,0,0,0,0,0,0,0,0,0,0,0,0,0,0,0,0,0,0,0,,,,,,,,,,,,,,,,,,,,,,,,
PPS-DEV-32,0,0,0,0,0,0,0,0,0,0,0,0,0,0,0,0,0,0,0,0,0,0,0,0,,,,,,,,,,,,,,,,,,,,,,,,
PPS-DEV-033,0,0,0,0,0,0,0,0,0,0,0,0,0,0,0,0,0,1,0,0,0,0,0,0,,,,,,,,,,,,,,,,,,,,,,,,
PPS-DEV-034,0,0,0,0,0,0,0,0,0,0,0,0,0,0,0,0,0,0,1,0,0,0,0,0,,,,,,,,,,,,,,,,,,,"라. 납품(공급)업체의 경우, 해당 물품 제조사의 물품공급 및 지원(A/S)확약서를 입찰전까지 보유 및 제출하여야 합니다. 미제출 시 입찰 대상자에서 제외되므로 물품공급 및 지원(A/S) 확약서 발급 여부를 사전에 반드시 확인 후 입찰에 참가해주시기 바라며, 사전 확인 없이 본 입찰에 참가하여 발생하는 모든 책임은 참가자에게 있습니다.",,,,,
PPS-DEV-035,1,0,0,0,0,0,0,0,0,0,0,0,0,0,0,0,1,0,1,0,0,0,0,0,다. 본 입찰은 4년제 대학교만 참여 가능,,,,,,,,,,,,,,,,나. 「중소기업기본법」 제2조제2항에 따른 중소기업 또는 「소상공인 보호 및 지원에 관한 법률」 제2조에 따른 소상공인으로서 중소기업 또는 소상공인확인서(전자입찰서 제출 마감일 전일까지 발급된 것으로 유효기간 내에 있어야 함)를 소지한 업체,,마. 납품(공급)업체의 경우 전자입찰서 제출 마감일 전일까지 제조사로부터 당해 물품공급 및 무상지원(A/S) 확약서를 발급후 보유 및 제출하여야 합니다.,,,,,
PPS-DEV-036,0,0,0,0,0,0,0,0,0,0,0,0,0,0,1,0,0,0,1,0,0,0,0,0,,,,,,,,,,,,,,,"3 입찰 참가자격
❍ 「지방자치단체를 당사자로 하는 계약에 관한 법률 시행령」제13조 및 같은 법 시행규칙
제14조에 따른 규정에 의한 참가자격 및 아래의 요건을 모두 구비한 업체로 같은 법
시행령 제92조(부정당업자의 입찰 참가제한)에 해당 되지 않아야 합니다.
❍ 입찰 공고일 전일부터 입찰일까지 경기도에 법인등기부상 본점(개인사업자인 경우에는
사업자 등록증 또는 관련 법령에 따른 허가‧인가‧면허‧등록‧신고 등에 관련된 서류에 기재된
사업장) 을 둔 업체, 낙찰자는 계약 체결일까지 유지하여야 합니다.
❍ 「국가종합전자조달시스템 입찰참가자격등록규정」에 의하여 국가종합전자조달시스템
(나라장터)에 반드시 입찰참가자격등록 마감일시까지 전기히트펌프(세부품명번호10자리 : 40
10180601) 및 가스엔진히트펌프(세부품명번호10자리 : 4010180602) 및 히트펌프용실내기
(세부품명번호10자리 : 4010178701)를 제조 또는 공급물품으로 입찰참가 등록한 업체로서
시방서를 충족(납품",,,,"○ 공급업체의 경우 당해 물품 제조사의 정품인증서 및 A/S확약서를 전자입찰서 제출 마감일
전일까지 보유하고, 계약체결 후 수요기관에 제출하여야 합니다.
❍ ｢지방계약법｣ 제31조의5 및 ｢지방계약법 시행령｣ 제93조에 따라 ‘조세포탈 등을 한 자’로서
유죄판결이 확정된 날부터 2년이 지나지 아니한 자는 입찰에 참여할 수 없습니다. 입찰자는
입찰서 제출 시 ｢지방계약법 시행령｣ 제93조에 해당하지 아니한다는 (별지 2)서약서를 제출
하여야 합니다. 다만 전자입찰의 경우 입찰서 제출 시 전자입찰서에 서약서의 내용을 포함하고
있으므로 전자입찰서 제출로 서약서 제출을 갈음합니다. 아울러, 계약상대자는 계약체결 시에
동 서약서를 수요기관에 제출해야합니다.",,,,,
PPS-DEV-037,0,0,0,0,0,0,0,0,0,0,0,0,0,0,0,1,0,0,1,0,0,0,0,0,,,,,,,,,,,,,,,,,,,"3.2.1. 공급업체는 당해 물품 제조사의 물품공급 및 기술지원(A/S) 확약서를 전자입찰서 제출 마감일 전일까지 보유하여야 하며, 낙찰통보 이전에 반드시 제출하여야 합니다.(미제출시 낙찰대상자 제외)",,,,,
PPS-DEV-038,0,0,0,0,0,0,0,0,0,0,0,0,0,0,0,0,0,1,0,0,0,0,0,0,,,,,,,,,,,,,,,,,,,,,,,,
PPS-DEV-039,0,0,0,0,0,0,0,0,0,0,0,0,0,0,0,0,0,0,0,0,0,0,0,0,,,,,,,,,,,,,,,,,,,,,,,,
PPS-DEV-040,0,0,0,0,0,0,0,0,0,0,0,0,0,0,0,0,0,1,0,0,0,0,0,0,,,,,,,,,,,,,,,,,,,,,,,,
PPS-DEV-041,0,0,0,0,0,0,0,0,0,0,0,0,0,0,0,0,0,1,0,0,0,0,0,0,,,,,,,,,,,,,,,,,,,,,,,,
PPS-DEV-042,0,1,1,0,0,0,0,1,0,0,0,0,0,0,0,0,1,0,0,0,0,0,0,0,,나. 최근 3년 이내 중고등학교 학생 대상 숙박이 들어간 국내 여행 1억원 이상의 실적이 있는 업체이어야 합니다.,나. 최근 3년 이내 중고등학교 학생 대상 숙박이 들어간 국내 여행 1억원 이상의 실적이 있는 업체이어야 합니다.,,,,,나. 최근 3년 이내 중고등학교 학생 대상 숙박이 들어간 국내 여행 1억원 이상의 실적이 있는 업체이어야 합니다.,,,,,,,,,"나. 중소기업기본법 제2조 제2항에 따른 중·소기업 또는 소상공인 보호 및 지원에 관한 법률 제2조에 따른 소상공인으로서 중·소기업, 소상공인확인서 중 하나를 소지한 업체이어야 합니다.",,,,,,,
PPS-DEV-043,0,0,0,0,0,0,0,0,0,0,0,0,0,0,0,0,0,1,0,0,0,0,0,0,,,,,,,,,,,,,,,,,,,,,,,,
PPS-DEV-044,0,0,0,0,0,0,0,0,0,0,0,0,0,0,0,0,0,1,0,1,0,0,0,0,,,,,,,,,,,,,,,,,,,,,,,,
PPS-DEV-045,0,0,0,0,0,0,0,0,0,0,0,1,0,1,0,0,0,0,0,0,0,0,0,0,,,,,,,,,,,,1) 소기업∙소상공인확인서 및 직접생산확인증명서가 중소기업제품 공공구매종합정보망 (http://www.smpp.go.kr)에서 확인이 안 될 경우 입찰참가자격이 없습니다.,,* 소기업·소상공인 확인서는 전자입찰서 제출 마감일 전일(18:00)까지 발급된 것으로 유효기간 내에 있어야 함,,,,,,,,,,
PPS-DEV-046,0,0,0,0,1,0,0,0,0,0,0,0,0,0,0,0,0,0,0,0,0,0,0,0,,,,,"지방자치단체를 당사자로 하는 계약에 관한 법률시행령 제13조 및 같은 법 시행규칙 제14조의 규정에 의한 자격을 갖추고, 입찰공고일 [신규사업자(법인인 경우 법인 등기일, 개인사업자인 경우 사업자등록일 기준으로 한다)인 경우 입찰공고일 이후를 포함한다]부터 입찰일(낙찰자는 계약체결일, 적격심사 대상자는 적격심사서류 제출일)까지 법인등기부상 본점 소재지(개인사업자인 경우 해당사업에 관한 사업자 등록증이나 관련법령에 따른 허가․인가․면허․등록․신고 등 관련서류의 사업장 소재지를 말함)가 경기도 내에 있는 업체로 아래 자격을 모두 갖춘 업체이어야 합니다.",,,,,,,,,,,,,,,,,,,
PPS-DEV-047,0,0,0,0,1,0,0,0,0,0,0,0,0,1,0,0,0,0,0,0,0,0,0,0,,,,,마. 입찰공고일 기준 법인등기부등본(개인사업자는 사업등록증명원) 상 주된 사무소 소재지가 서울특별시로 기재되어 있는 업체,,,,,,,,,라. 「중소기업제품 구매촉진 및 판로지원에 관한 법률 시행령」 제2조의2 및 「중소기업기본법」 제2조제2항에 따른 중·소기업 또는 「소상공인기본법」 제2조에 따른 소상공인 간 제한경쟁입찰에 따라 조달계약을 체결하여야 한다.,,,,,,,,,,
PPS-DEV-048,0,0,0,0,0,0,0,0,0,0,0,0,0,0,0,0,0,0,0,0,0,0,0,0,,,,,,,,,,,,,,,,,,,,,,,,
PPS-DEV-049,1,0,0,0,1,0,0,0,0,0,0,1,0,1,0,0,0,0,0,0,0,0,0,0,라. 체육교육학 전공이 있는 [기관(대학)]만 입찰 참여 가능합니다.,,,,"나. 입찰공고일 전일【신규사업자(법인인 경우 법인 등기일, 개인사업자인 경우 사업자등록일 기준으로 함)인 경우 입찰공고일 이후를 포함】부터 입찰일(낙찰자는 계약체결일)까지 법인등기부상 본점 소재지(개인사업자인 경우에는 사업자등록증 또는 관련 법령에 따른 허가·인가·면허·등록·신고 등에 관련된 서류에 기재된 사업장의 소재지)를 경상남도에 둔 자이어야 합니다.",,,,,,,마. 해당업종 및 세부품명의 직접생산확인증명서를 보유한 업체여야 합니다.,,"다. 「중소기업기본법」 제2조에 따른 중기업, 소기업 또는 「소상공인 보호 및 지원에 관한 법률」 제2호에 따른 소상공인으로서, 「중소기업 범위 및 확인에 관한 규정」에 따라 발급된 중기업, 소기업, 소상공인 확인서를 소지한자 이어야 합니다.",,,,,,,,,,
PPS-DEV-050,0,0,0,0,0,0,1,0,0,0,0,0,0,0,0,0,0,0,0,0,0,0,0,0,,,,,,,❍ 공고일 전 일부터 입찰일까지(낙찰자는 계약체결일까지) 전라남도 또는 경상남도에 주된 영업소를 둔 업체,,,,,,,,,,,,,,,,,
PPS-DEV-051,0,0,1,1,0,0,0,0,0,0,0,0,0,1,0,0,0,0,0,0,0,0,0,0,,,③ 최근 5년 이내 이동형X선 투시장치(C-ARM) 장비 3억원 이상 대학병원에 납품한 실적이 있는 업체,③ 최근 5년 이내 이동형X선 투시장치(C-ARM) 장비 3억원 이상 대학병원에 납품한 실적이 있는 업체,,,,,,,,,,｢중소기업․소상공인 및 장애인기업 확인요령｣에 따라 발급된 중소기업․ 소상공인확인서,,,,,,,,,,
PPS-DEV-052,0,0,0,0,0,0,0,0,0,0,0,0,0,1,0,0,0,0,0,0,0,0,0,0,,,,,,,,,,,,,,마. 「중소기업제품 구매촉진 및 판로지원에 관한 법률」 제2조에 따른 중소기업자 및 「소상공인 보호 및 지원에 관한 법률」 제2조에 따른 소상공인으로서「중·소기업·소상공인 장애인기업 확인요령」에 따라 발급된 중·소기업·소상공인확인서를 소지한 업체,,,,,,,,,,
PPS-DEV-053,0,1,1,1,0,0,0,0,0,0,0,0,0,0,0,0,0,0,0,0,0,0,0,0,,④ 입찰공고일 기준 최근 3년 이내에 단일건으로 1억 원 이상 [수요기관(공공기관)]에서 발주한 유사사업 및 동등이상 관련 사업 등을 실적이 있는 업체(하도급 제외) ※ 실적증명이 가능하고 공고일 현재 용역이 완료된 것,④ 입찰공고일 기준 최근 3년 이내에 단일건으로 1억 원 이상 [수요기관(공공기관)]에서 발주한 유사사업 및 동등이상 관련 사업 등을 실적이 있는 업체(하도급 제외) ※ 실적증명이 가능하고 공고일 현재 용역이 완료된 것,④ 입찰공고일 기준 최근 3년 이내에 단일건으로 1억 원 이상 [수요기관(공공기관)]에서 발주한 유사사업 및 동등이상 관련 사업 등을 실적이 있는 업체(하도급 제외) ※ 실적증명이 가능하고 공고일 현재 용역이 완료된 것,,,,,,,,,,,,,,,,,,,,
PPS-DEV-054,0,0,0,1,0,0,1,1,0,0,0,0,0,0,0,0,0,0,0,0,0,0,0,0,,,,"바. 공고일 기준 최근 5년간 국가, 지방자치단체, 공공기관, 민간에서 시행한 축제, 기념행사, 문화예술행사 등 단일용역 건으로 1억원 이상(부가세 포함)의 실적이 있는 업체",,,"가. 입찰공고일 현재「지방자치단체를 당사자로 하는 계약에 관한 법률 시행령」제13조 및 같은 법 시행규칙 제14조에 따라 입찰의 참가자격을 갖춘 자로, 입찰공고일 전일부터 계약체결일까지 주된 영업소의 소재지를 경상남도, 부산광역시 내에 둔 사업자로 제한하며, 동법 시행령 제92조(부정당업자의 입찰참가자격 제한) 및 동법 시행규칙 제76조에 해당되지 않은 업체","바. 공고일 기준 최근 5년간 국가, 지방자치단체, 공공기관, 민간에서 시행한 축제, 기념행사, 문화예술행사 등 단일용역 건으로 1억원 이상(부가세 포함)의 실적이 있는 업체",,,,,,,,,,,,,,,,
PPS-DEV-055,0,0,0,0,0,0,0,0,0,0,0,0,0,0,1,0,0,0,0,0,1,0,0,0,,,,,,,,,,,,,,,ㅇ 「중소기업기본법」제2조에 따른 소기업 또는 「소상공인 보호 및 지원에 관한 법률」제2조에 따른 소상공인으로서 ‘소기업·소상공인확인서(용도: 공공기관 입찰용)’를 소지한 자(유효기간 내 있어야함) 또는「중소기업제품 구매촉진 및 판로지원에 관한 법률」시행령 제2조의3 제2호에 해당하는 비영리 법인,,,,,,"ㅇ 공동수급체는 10인 이하로 구성하여야 하며, 구성원별 최소 지분율은 5% 이상으로 하여야 함",,,
PPS-DEV-056,0,0,0,0,0,0,0,0,0,0,0,0,1,0,0,0,0,0,0,0,1,0,0,0,,,,,,,,,,,,,ㅇ 「중소기업기본법」제2조에 따른 소기업 또는 「소상공인 보호 및 지원에 관한 법률」제2조에 따른 소상공인으로서 ‘소기업·소상공인확인서(용도: 공공기관 입찰용)’를 소지한 자(유효기간 내 있어야함) 또는「중소기업제품 구매촉진 및 판로지원에 관한 법률」시행령 제2조의3 제2호에 해당하는 비영리 법인,,,,,,,,"ㅇ 공동수급체는 10인 이하로 구성하여야 하며, 구성원별 최소 지분율은 0.5% 이상으로 하여야 함",,,
PPS-DEV-057,0,0,0,0,1,0,0,0,0,0,0,1,0,1,0,0,0,0,0,0,0,0,0,0,,,,,라. 입찰공고일 기준 법인등기부등본(개인사업자는 사업등록증명원) 상 주된 사무소 소재지가 경기도로 기재되어 있는 업체,,,,,,,차. 해당업종 및 세부품명의 직접생산확인증명서를 보유한 업체여야 합니다.,,"다. 「중소기업기본법」 제2조에 따른 중·소기업 또는 「소상공인 보호 및 지원에 관한 법률」 제2조에 따른 소상공인으로서, 「중소기업 범위 및 확인에 관한 규정」에 따라 발급된 중·소기업·소상공인확인서를 소지한 업체일 것",,,,,,,,,,
PPS-DEV-058,0,0,0,0,0,0,0,0,0,0,0,0,0,0,0,1,0,0,0,0,1,0,0,0,,,,,,,,,,,,,,,,,,,,,"- 공동수급인 경우에는 5인 이하로 공동수급체를 구성하며, 구성원별 계약참여 최소 지분율은 5%이상으로 하여야 함",,,
PPS-DEV-059,0,0,1,1,0,0,0,0,0,0,0,0,0,0,0,0,0,0,0,0,1,0,0,0,,,"◦ 공고일 기준 최근 3년 이내 공공기관(국가,지자체,공기업 포함) 통근버스 운행 실적이 2억원 이상 있는 업체만 참가 자격이 있습니다.","◦ 공고일 기준 최근 3년 이내 공공기관(국가,지자체,공기업 포함) 통근버스 운행 실적이 2억원 이상 있는 업체만 참가 자격이 있습니다.",,,,,,,,,,,,,,,,,"◦ 공동이행 방식으로 공동수급체 구성하여 입찰 참여 가능하며 업체별 최소 지분율은 2% 이상, 구성원 수는 5인 이하이어야 합니다.",,,
PPS-DEV-060,0,0,0,0,0,0,0,0,0,0,1,0,0,0,0,0,0,0,0,0,0,0,0,0,,,,,,,,,,,,,,,,,,,,,,,,
PPS-DEV-061,0,0,0,0,0,0,0,0,0,1,1,0,0,0,0,0,0,0,0,0,0,1,0,0,,,,,,,,,,,,,,,,,,,,,,- 제안서 설명회 시 제안내용에 대한 설명은 반드시 사업책임기술자(PM)가 해야 하며 부득이한 사유로 참석하지 못할 경우에는 위임장을 제출하여 대리인이 설명 가능(위임장에는 합당한 불참사유를 명기할 것),,
PPS-DEV-062,0,1,0,0,0,0,0,0,0,0,0,0,0,0,0,1,0,0,0,0,0,0,0,0,,※ 관련행사 수행실적은 공동수급체 중 1개 업체 이상만 충족,,,,,,,,,,,,,,,,,,,,,,
PPS-DEV-063,1,0,0,0,0,0,1,0,0,0,1,0,0,0,0,0,0,0,0,0,0,0,0,0,"③ 제2항에 의한 대리인의 자격은 입찰참가자가 법인인 경우에는 해당 법인의 임ㆍ직원(다만,「산업교육진흥 및 산학연협력촉진에 관한 법률」에 따라 설립한 산학협력단의 경우에는 해당 법인의 임ㆍ직원 및 연구원(대학의 장 또는 산학협력단장이 임명한 자에 한함)으로 한다)에 한하며, 계약담당공무원은 재직증명서와 다음 각 호의 자료에 의해서 임ㆍ직원 여부를 확인하여야 한다. 다만, 2개 이상 법인의 임ㆍ직원인 자는 1개 법인의 대리인으로만 입찰에 참가할 수 있다.<개정 2009. 9. 21., 2010. 1. 4., 2016. 1. 1.>",,,,,,마. 입찰공고일 전일부터 입찰일(낙찰자는 계약체결일)까지 주된 영업소(지점 및 대리점 포함)“대구광역시”또는“경상북도”에 둔 업체,,,,,,,,,,,,,,,,,
PPS-DEV-064,0,0,0,0,0,0,0,0,0,0,0,1,0,0,0,0,0,0,0,1,0,0,0,0,,,,,,,,,,,,"마. 계약담당공무원은 계약상대자가 직접생산 확인기준을 위반한 사실을 확인한 경우 계약해지, 계약보증금 국고 귀속, 입찰참가자격 제한 등의 조치를 할 수 있습니다. 다만, 해당 계약 물품을 직접생산 확인기준을 위반하여 제조․납품한 사실이 없는 경우에는 입찰참가자격 제한 조치는 제외할 수 있습니다.",,,,,,,,,,,,
PPS-DEV-065,0,0,0,0,0,0,0,0,0,0,0,0,0,0,0,0,0,0,0,0,0,0,0,0,,,,,,,,,,,,,,,,,,,,,,,,
PPS-DEV-066,0,0,0,0,0,0,0,0,0,0,0,0,0,0,0,1,0,0,0,0,0,0,0,0,,,,,,,,,,,,,,,,,,,,,,,,
PPS-DEV-067,0,0,0,0,0,0,0,0,0,0,0,0,0,0,0,1,0,0,0,0,0,0,0,0,,,,,,,,,,,,,,,,,,,,,,,,
PPS-DEV-068,0,0,0,0,0,0,0,0,0,0,0,0,0,0,0,0,1,0,0,0,0,0,0,0,,,,,,,,,,,,,,,,,다. 「중소기업기본법」제2조에 따른 중소기업자 또는 「소상공인 보호 및 지원에 관한 법률」 제2조에 따른 소상공인으로서 「중소기업 범위 및 확인에 관한 규정」에 따라 발급된 중소기업․소상공인확인서를 소지한 자,,,,,,,
PPS-DEV-069,0,1,0,0,0,0,0,0,0,0,0,1,0,0,0,0,0,0,0,0,0,0,0,0,,○ | 최근 10년 이내 동종업종 실적 5천만원 이상 보유한 업체 |,,,,,,,,,,"10) | 계약담당공무원은 계약상대자가 직접생산 확인기준을 위반한 사실을 확인한 경우 계약해지, 계약보증금 국고 귀속, 입찰참가자격제한 등의 조치를 할 수 있습니다. 다만, 해당 계약물품을 직접생산 확인기준을 위반하여 제조･납품한 사실이 없는 경우에는 입찰참가자격제한 조치는 제외할 수 있습니다.",,,,,,,,,,,,
PPS-DEV-070,0,0,0,0,0,1,0,0,0,0,0,0,0,0,0,0,0,0,0,0,0,0,0,0,,,,,,"가. 국가를 당사자로 하는 계약에 관한 법률 시행령 제12조 및 동법시행규칙 제14조의 자격요건을 갖춘 업체로 입찰공고일 전일부터 입찰일(낙찰자는 계약체결일)까지 주된 영업소의 소재지를 강원도 [지역:r1|단위=기초|광역=강원특별자치도]에 둔 업체로서 공산품 도․소매 사업 허가를 득한 사업자이어야 하며, 각종 법률에 의거 부정당업자로 입찰 참가자격 제한 중에 있지 아니하며 제시 규격에 따라 납품이 가능한 업체이어야 합니다.",,,,,,,,,,,,,,,,,,
PPS-DEV-071,0,0,1,1,0,0,0,1,0,0,0,0,0,0,0,0,0,0,0,0,0,0,0,0,,,• 공고일 전일 기준 최근 10년 이내 국가 및 지자체 등 공공기관 또는 민간단체에서 발주하여 완료된 단일 행사 기준 5억원 이상 실적이 있는 업체이어야 합니다.,• 공고일 전일 기준 최근 10년 이내 국가 및 지자체 등 공공기관 또는 민간단체에서 발주하여 완료된 단일 행사 기준 5억원 이상 실적이 있는 업체이어야 합니다.,,,,• 공고일 전일 기준 최근 10년 이내 국가 및 지자체 등 공공기관 또는 민간단체에서 발주하여 완료된 단일 행사 기준 5억원 이상 실적이 있는 업체이어야 합니다.,,,,,,,,,,,,,,,,
PPS-DEV-072,0,0,0,0,0,1,1,0,0,0,0,0,0,0,0,0,0,0,0,0,0,0,0,0,,,,,,2) 입찰공고일 전일부터 계약체결일까지 법인등기부상 본점 소재지(개인사업자인 경우 사업장등록증 또는 관련 법령에 따른 허가·면허·등록·신고에 관련된 서류에 기재된 사업장의 소재지)를 계속 경기도 [지역:r1|단위=기초|광역=경기도] 또는 제주도에 둔 업체,2) 입찰공고일 전일부터 계약체결일까지 법인등기부상 본점 소재지(개인사업자인 경우 사업장등록증 또는 관련 법령에 따른 허가·면허·등록·신고에 관련된 서류에 기재된 사업장의 소재지)를 계속 경기도 [지역:r1|단위=기초|광역=경기도] 또는 제주도에 둔 업체,,,,,,,,,,,,,,,,,
PPS-DEV-073,0,0,0,0,0,0,0,0,0,0,0,0,0,0,0,0,1,0,0,0,0,0,0,0,,,,,,,,,,,,,,,,,- 전자입찰서 제출 마감일 전일까지 소기업ㆍ소상공인확인서를 신청하지 않은 경우,,,,,,,
PPS-DEV-074,0,0,0,0,0,0,0,0,0,0,0,0,1,0,0,0,0,0,0,0,0,1,0,0,,,,,,,,,,,,,"발급된 소기업‧소상공인 확인서 를 소지한 자이어야 합니다
‘ ’ .",,,,,,,,,"․ 일시 및 장소 : 추후 결정하여 별도 통보
제안서 설명회 2026. 3. 13.(금) ․ 제안업체 설명(PT가능) 및 질의답변
및 평가 (예정, 변동될 수 있음) ․ 평가위원회 제안서 기술능력평가
․ 지정 일시까지 불참할 경우 서면평가 실시",,
PPS-DEV-075,0,0,0,0,0,0,0,0,0,0,0,0,1,0,0,0,0,0,0,0,0,0,0,0,,,,,,,,,,,,,기간 내의 ‘중소기업 또는 소상공인확인서’를 소지한 업체,,,,,,,,,,,
PPS-DEV-076,0,0,0,0,0,0,0,0,0,0,0,0,0,0,0,0,0,0,0,0,0,0,0,0,,,,,,,,,,,,,,,,,,,,,,,,
PPS-DEV-077,0,0,0,0,0,0,0,0,0,0,0,1,0,0,0,0,1,0,0,1,0,0,0,0,,,,,,,,,,,,"나. 「중소기업제품 구매촉진 및 판로지원에 관한 법률」에 의한 중소기업으로서, 소기업 ․ 소상공인확인서(중소기업현황 정보시스템 발급 또는 지방중소기업청 발급)를 소지한 업체이면서, 기타행사기획 및 대행서비스 부문의 직접생산확인증명서를 소지한 업체.",,,,,"나. 「중소기업제품 구매촉진 및 판로지원에 관한 법률」에 의한 중소기업으로서, 소기업 ․ 소상공인확인서(중소기업현황 정보시스템 발급 또는 지방중소기업청 발급)를 소지한 업체이면서, 기타행사기획 및 대행서비스 부문의 직접생산확인증명서를 소지한 업체.",,,,,,,
PPS-DEV-078,0,1,0,0,0,0,0,0,0,0,0,0,1,0,0,0,0,0,0,0,0,0,0,1,,"바. 최근 10년 이내 50,000,000원(VAT별도) 이상 디자인서비스 용역 수행 실적이 있는 자",,,,,,,,,,,다. 「중소기업기본법」제2조에 따른 소기업자 또는「소상공인 보호 및 지원에 관 한 법률」제2조에 따른 소상공인으로서「중소기업 범위 및 확인에 관한 규정」에 따라 발급된 소기업·소상공인 확인서(계약체결일까지 발급된 것으로 유효기간 내에 있어야 함)를 소지한 업체,,,,,,,,,,,- 추정가격 1억원 미만 : 5인 이상
PPS-DEV-079,0,0,0,0,0,0,0,0,0,0,0,0,0,0,1,0,0,0,0,0,0,0,0,0,,,,,,,,,,,,,,,"6) 「중소기업기본법」제2조에 따른 소기업자 및 「소상공인 보호 및 지원에 관한 법률」
제2조에 따른 소상공인으로서 「중소기업 범위 및 확인에 관한 규정」에 따라 발급된
<소기업 또는 소상공인 확인서>를 소지한 업체",,,,,,,,,
PPS-DEV-080,0,0,0,0,0,0,0,0,0,0,0,0,0,0,1,0,0,0,0,0,0,0,0,0,,,,,,,,,,,,,,,다. ｢중소기업기본법｣ 제2조에 따른 소기업자 또는 ｢소상공인기본법｣ 제2조에 따른 소상공인으로서 ｢중소기업 범위 및 확인에 관한 규정｣에 따라 발급된 <소기업·소상공인 확인서>를 소지한 업체,,,,,,,,,
PPS-DEV-081,0,0,0,0,0,0,0,0,0,0,0,0,0,0,0,0,0,0,0,0,0,0,0,0,,,,,,,,,,,,,,,,,,,,,,,,
PPS-DEV-082,0,0,0,0,0,0,0,0,0,0,0,0,0,0,0,0,0,0,0,0,0,0,0,0,,,,,,,,,,,,,,,,,,,,,,,,
PPS-DEV-083,0,0,0,0,0,0,0,0,0,0,0,0,0,0,0,0,0,0,0,0,0,0,0,0,,,,,,,,,,,,,,,,,,,,,,,,
PPS-DEV-084,0,0,0,0,0,0,1,0,0,0,0,0,0,0,0,0,0,0,0,0,0,0,0,0,,,,,,,,,,,,,,,,,,,,,,,,
PPS-DEV-085,0,0,0,0,0,0,0,0,0,0,0,0,0,0,0,0,0,0,0,0,0,0,0,0,,,,,,,,,,,,,,,,,,,,,,,,
PPS-DEV-086,0,0,0,0,0,0,0,0,0,0,0,0,0,0,0,0,0,0,0,0,0,0,0,0,,,,,,,,,,,,,,,,,,,,,,,,
PPS-DEV-087,1,0,0,0,0,0,0,0,0,0,0,0,0,0,0,0,0,0,0,0,0,0,0,0,⑥ 신용평가등급 확인서는 조달청 및 공공기관 입찰용에 한하여 인정한다.,,,,,,,,,,,,,,,,,,,,,,,
PPS-DEV-088,0,0,0,0,0,0,0,0,0,0,0,0,0,0,0,0,0,0,0,0,0,0,0,0,,,,,,,,,,,,,,,,,,,,,,,,
PPS-DEV-089,0,0,0,0,0,0,0,0,0,0,0,0,0,0,0,0,0,0,0,0,0,0,0,0,,,,,,,,,,,,,,,,,,,,,,,,
PPS-DEV-090,0,0,0,0,0,0,0,0,0,0,0,1,0,0,0,0,1,0,0,0,0,0,0,0,,,,,,,,,,,,"8) | 계약담당공무원은 계약상대자가 직접생산 확인기준을 위반한 사실을 확인한 경우 계약해지, 계약보증금 국고 귀속, 입찰참가자격제한 등의 조치를 할 수 있습니다. 다만, 해당 계약물품을 직접생산 확인기준을 위반하여 제조･납품한 사실이 없는 경우에는 입찰참가자격제한 조치는 제외할 수 있습니다.",,,,,"○ | 「중소기업기본법」 제2조에 따른 중소기업자 또는 「소상공인 보호 및 지원에 관한 법률」 제2조에 따른 소상공인으로서 「중소기업 범위 및 확인에 관한 규정」에 따라 발급된 중소기업ㆍ소상공인 확인서를 소지한 자
| ◇ | ‘중소기업ㆍ소상공인확인서’가 중소기업제품 공공구매 종합정보망(http://www.smpp.go.kr)에서 확인(전자입찰서 제출 마감일 전일까지 발급된 것으로서 전자입찰서 제출 마감일까지 계속 유지되어야 함)되지 않을 경우 입찰참가자격이 없습니다. |
| ◇ | ‘중소기업ㆍ소상공인확인서’를 전자입찰서 제출 마감일 전일까지 신청한 사항이 확인된 업체는 입찰참가가 가능하나 다음 중 어느 하나에 해당하는 경우에는 입찰참가자격이 없습니다. |",,,,,,,
PPS-DEV-091,0,0,0,0,0,0,0,0,0,0,0,0,0,0,0,0,0,0,0,0,0,0,0,1,,,,,,,,,,,,,,,,,,,,,,,,"나. 예정가격 이하로서 낙찰하한율 이상 최저가격으로 입찰한 자 순으로 「건설폐기물처리용역 적격업체 평가기준」(환경부고시 제2025-165호) [별표]3. 추정가격 5억원 미만 2억원 이상인 용역의 평가기준에 따라 적격심사하여 종합평점이 95점 이상인 자를 낙찰자로 결정합니다.
(배출현장 대표[담당자]: [지역:r1|단위=기초|광역=경상남도] [지역:r2|단위=읍면동|광역=경상남도] [지역:r3|단위=리|광역=경상남도] 백록천 일원)"
PPS-DEV-092,0,0,0,0,0,0,0,0,0,0,0,0,0,0,0,0,0,0,0,0,0,0,0,0,,,,,,,,,,,,,,,,,,,,,,,,
PPS-DEV-093,0,0,0,0,0,0,0,0,0,0,0,0,0,0,0,0,0,0,0,0,0,0,0,0,,,,,,,,,,,,,,,,,,,,,,,,
PPS-DEV-094,0,0,0,0,0,0,0,0,0,0,0,0,0,0,0,0,1,0,0,0,0,0,0,0,,,,,,,,,,,,,,,,,(3) 입찰참가 대상에 따른 중소기업제품 구매촉진 및 판로지원에 관한 법률 시행령 제 2조의 2에 의거 소기업(소상공인) 또는 중기업 확인서를(응찰(개찰)일 까지 발급된 것으로 유효기간 내에 있어야 함)를 소지한 업체(2. 입찰에 부치는 사항 확인 必),,,,,,,
PPS-DEV-095,0,0,0,0,0,0,0,0,0,0,0,0,0,0,0,0,0,0,0,0,0,0,0,0,,,,,,,,,,,,,,,,,,,,,,,,
PPS-DEV-096,0,0,0,0,0,0,0,0,0,0,0,0,0,0,1,0,0,0,0,0,0,0,0,0,,,,,,,,,,,,,,,나.「중소기업기본법」제2조에 따른 중/소기업자 및 「소상공인 보호 및 지원에 관한 법률」제2조에 따른 소기업 및 소상공인으로서 중/소기업·소상공인확인서(전자입찰서 제출 마감일 전일까지 발급된 것으로 유효기간 내에 있어야 함)를 소지한 업체이어야 합니다.,,,,,,,,,
PPS-DEV-097,0,0,0,0,0,0,0,0,0,0,0,0,0,0,0,0,0,1,0,0,0,0,0,0,,,,,,,,,,,,,,,,,,,,,,,,
PPS-DEV-098,0,0,0,0,0,0,0,0,0,0,0,0,0,0,0,0,0,0,0,0,0,0,0,0,,,,,,,,,,,,,,,,,,,,,,,,
PPS-DEV-099,0,0,0,0,0,0,0,0,0,0,0,0,0,0,0,1,0,0,0,0,0,0,0,0,,,,,,,,,,,,,,,,,,,,,,,,
PPS-DEV-100,0,0,0,0,0,0,0,0,0,0,1,0,0,0,0,0,0,0,0,0,0,0,0,0,,,,,,,,,,,,,,,,,,,,,,,,
PPS-DEV-101,0,0,0,0,0,0,0,0,0,0,0,0,0,0,0,0,0,0,0,1,0,0,0,0,,,,,,,,,,,,,,,,,,,,,,,,
PPS-DEV-102,0,0,0,0,0,0,0,0,0,0,0,0,1,0,0,0,0,0,0,0,0,0,0,0,,,,,,,,,,,,,④ 「중소기업기본법」 제2조제2항에 따른 소기업 또는 「소상공인기본법」 제2조에 따른 소상공인으로서 「중소기업 범위 및 확인에 관한 규정」에 따라 발급된 소기업·소상공인 확인서를 소지한 자,,,,,,,,,,,
PPS-DEV-103,0,0,0,0,0,0,0,0,0,0,0,0,0,0,0,0,0,0,0,0,0,0,0,0,,,,,,,,,,,,,,,,,,,,,,,,
PPS-DEV-104,0,0,0,0,0,0,0,0,0,0,0,0,0,0,0,0,0,0,0,0,0,0,0,0,,,,,,,,,,,,,,,,,,,,,,,,
PPS-DEV-105,0,0,0,0,0,0,0,0,0,0,0,0,0,0,0,0,1,0,0,0,0,0,0,0,,,,,,,,,,,,,,,,,2)「중소기업제품 구매촉진 및 판로지원에 관한 법률 시행령」 제2조의2에 의거 『중소기업제품 구매촉진 및 판로지원에 관한 법률』 제2조에 따른 중·소기업 또는 소상공인으「중소기업범위 및 확인에 관한 규정」에 따라 발급된 중소기업․소상공인 확인서를 소지한 업체,,,,,,,
PPS-DEV-106,0,0,0,0,0,0,0,0,0,0,0,1,0,0,0,0,0,0,0,0,0,0,0,0,,,,,,,,,,,,"※ 직접생산확인증명서는 전자입찰서 제출마감일 전일까지 발급된 것으로 공공구매정보망 (www.smpp.go.kr)에 등록되어 있어야 하고, 유효기간 내에 있어야 합니다.",,,,,,,,,,,,
PPS-DEV-107,0,0,0,0,0,0,0,0,0,0,0,0,1,0,0,0,0,0,0,0,0,0,0,0,,,,,,,,,,,,,"라. ｢중소기업기본법｣ 제2조에 따른 소기업자 또는 ｢소상공인 보호 및 지원에
관한 법률｣ 제2조에 따른 소상공인으로서 ʹ중소기업 범위 및 확인에 관한
규정ʹ에 따라 발급된 소기업･소상공인 확인서를 소지한 자 이어야 합니다.",,,,,,,,,,,
PPS-DEV-108,0,0,0,0,0,0,0,0,0,0,0,0,0,0,0,0,0,0,0,0,0,0,0,0,,,,,,,,,,,,,,,,,,,,,,,,
PPS-DEV-109,0,0,0,0,0,0,0,0,0,0,0,0,0,0,0,0,0,0,0,0,0,0,0,0,,,,,,,,,,,,,,,,,,,,,,,,
PPS-DEV-110,0,0,0,0,0,0,0,0,0,0,0,1,0,0,0,0,0,0,0,0,0,0,0,0,,,,,,,,,,,,"가. 물품 구매설명서에 합당한 제품이어야 하며, 아래 제품에 대한 제조사 직접생산증명서 또는 제조사의 공급증명원/기술지원확약서를 계약시 반드시 제출하여야 한다.
(1순위 계약 대상자라 할지라도 미제출시 계약 참가 자격이 없는 업체임으로 제외하고 차순위업체를 계약대상자로 결정합니다.)",,,,,,,,,,,,
PPS-DEV-111,0,0,0,0,0,0,0,0,0,0,0,0,0,0,0,0,0,0,0,0,0,0,0,1,,,,,,,,,,,,,,,,,,,,,,,,◦ 적격심사는 「지방자치단체를 당사자로 하는 계약에 관한 법률 시행령」 제42조 및 국가유산청 매장문화재 조사용역 적격심사 세부기준 [별표4]추정가격 2.5억원 미만 1억원 이상을 적용하며 예정가격이하로서 낙찰하한율(86.745%)이상 최저가 입찰자 순으로 적격심사를 하여 종합평점이 88점 이상인 자를 낙찰자로 결정합니다.
PPS-DEV-112,0,0,0,0,0,0,0,0,1,0,0,0,0,0,0,0,1,0,0,0,0,0,0,0,,,,,,,,,"1.4.4 계약자가 납품하는 모든 제품은 물품 규격서를 100% 만족시키는 정품, 완제품으로 공급하여야 하며, 주요 구성품ㆍ부품 또한 제조사의 정품만을 사용하여야 한다. 또한 COPY 제품은 제외하며, 감독원이 필요하다고 인정되는 서류 요구 시 제출해야 한다.",,,,,,,,"라. ｢중소기업기본법｣ 제2조에 따른 중・소기업자 또는 ｢소상공인 보호 및 지원에 관한 법률｣ 제2조에 따른 소상공인으로서 ｢중소기업 범위 및 확인에 관한 규정｣에 따라 발급된 중・소기업, 소상공인 확인서를 소지한 자",,,,,,,
PPS-DEV-113,0,0,0,0,0,0,0,0,0,0,0,0,0,0,0,0,0,0,0,0,0,0,0,0,,,,,,,,,,,,,,,,,,,,,,,,
PPS-DEV-114,0,0,0,0,0,0,0,0,0,0,0,0,0,0,0,0,0,0,0,0,0,0,0,0,,,,,,,,,,,,,,,,,,,,,,,,
PPS-DEV-115,0,0,0,0,0,0,0,0,0,0,0,0,0,0,0,0,0,0,0,0,0,0,0,0,,,,,,,,,,,,,,,,,,,,,,,,
PPS-DEV-116,0,0,0,0,0,0,0,0,0,0,0,0,0,0,0,0,0,0,0,0,0,0,0,0,,,,,,,,,,,,,,,,,,,,,,,,
PPS-DEV-117,0,0,0,0,0,0,0,0,0,0,0,0,1,0,0,0,0,0,0,0,0,0,0,0,,,,,,,,,,,,,-「중소기업기본법」제2조제2항에 따른 중기업·소기업 또는「소상공인 보호 및 지원에 관한 법률」제2조에 따른 소상공인으로「중·소기업·소상공인 및 장애인기업 확인요령」에 따라 발급된 중기업·소기업 또는 소상공인확인서를 소지한 사업자,,,,,,,,,,,
PPS-DEV-118,1,0,0,0,0,0,0,0,0,0,0,0,0,0,0,0,0,1,0,0,0,0,0,0,"다.「석유 및 석유대체연료 사업법」제10조(석유판매업의 등록 등)에 의한 등록을 필한 자(단, 석유판매업은 같은 법 시행령 제13조 규정의 석유판매업 중 일반대리점에 한함) 또는 기타 특별법에 의해 공공기관 선박에 연료유 공급이 가능한 자",,,,,,,,,,,,,,,,,,,,,,,
PPS-DEV-119,0,0,0,0,0,0,0,0,0,0,0,0,0,0,0,0,0,1,0,0,0,0,0,0,,,,,,,,,,,,,,,,,,,,,,,,
PPS-DEV-120,0,0,0,0,0,0,0,0,0,0,0,0,0,0,0,0,1,0,0,0,0,0,0,0,,,,,,,,,,,,,,,,,(3) 입찰참가 대상에 따른 중소기업제품 구매촉진 및 판로지원에 관한 법률 시행령 제 2조의 2에 의거 소기업(소상공인) 확인서를(응찰(개찰)일 까지 발급된 것으로 유효기간 내에 있어야 함)를 소지한 업체(2. 입찰에 부치는 사항 확인 必),,,,,,,
PPS-DEV-121,0,0,0,0,0,0,0,0,0,0,0,0,0,0,1,0,0,0,0,0,0,0,0,0,,,,,,,,,,,,,,,라. 「중소기업기본법」 제2조에 따른 중․소기업자 또는 「소상공인 보호 및 지원에 관한 법률」 제2조에 따른 소상공인으로서 「중소기업 범위 및 확인에 관한 규정」 에 따라 발급된 <중‧소기업 또는 소상공인 확인서>를 소지한 업체,,,,,,,,,
PPS-DEV-122,0,0,0,0,0,0,0,0,0,0,0,0,1,0,0,0,0,0,0,0,0,0,0,0,,,,,,,,,,,,,4)「중소기업기본법」제2조에 따른 소기업 및「소상공인 보호 및 지원에 관한 법률」제2조에 따른 소상공인으로서「중소기업 범위 및 확인에 관한 규정」에 따라 발급된 소기업․소상공인확인서를 소지한 업체,,,,,,,,,,,
PPS-DEV-123,0,0,0,0,0,0,0,0,0,0,0,0,0,0,0,0,0,0,0,0,0,0,0,0,,,,,,,,,,,,,,,,,,,,,,,,
PPS-DEV-124,1,0,0,0,0,0,0,0,0,0,0,0,0,0,0,0,0,0,0,0,0,0,0,0,※ 신용평가등급 확인서의 용도는 「공공기관 적격심사 제출용」에 한하여 인정합니다.,,,,,,,,,,,,,,,,,,,,,,,
PPS-DEV-125,0,0,0,0,0,0,0,0,0,0,0,0,0,0,0,0,0,0,0,0,0,0,0,0,,,,,,,,,,,,,,,,,,,,,,,,
PPS-DEV-126,0,0,0,0,0,0,0,0,0,0,0,0,0,0,0,0,1,0,0,0,0,0,0,0,,,,,,,,,,,,,,,,,3-1-3 「중소기업제품 구매촉진 및 판로지원에 관한 법률 시행령」 제2조2에 따른 중·소기업 또는 소상공인으로서 「중·소기업 및 확인에 관한 규정」 “중·소기업·소상공인 확인서”를 소지한 업체이어야 합니다.,,,,,,,
PPS-DEV-127,0,0,0,0,0,0,0,0,0,0,0,0,0,0,0,0,0,0,0,0,0,0,0,0,,,,,,,,,,,,,,,,,,,,,,,,
PPS-DEV-128,0,0,0,0,0,0,0,0,1,0,0,0,0,0,0,0,0,0,0,0,0,0,0,0,,,,,,,,,"(13) 성능
(가) 차론거리(mm) : 1560 (나) 작업속도(m/s) : 0.8
(다》살포량(kg/10a) : 300 (라) 포장작업능률(min/10a) : 1.8
（마） 살포폭（m） : 8~16 (바) 연료소비량 （ml/h） :360
（사） 살포량 조절장치 36033360
표준상태장치:4
（14） 견인동력기
（가） 기종명 : 농용트택터 （나） 형식명 : D851
（다） 형식 및 규격 : 4 륜 구동형 디젤 85 마력 （라） 제조회사명 :
대동공업
（15） PTO 단수（단） 회전수（rpm） : 저속 3 단 1500rpm
（16） 작업단수（단） 및 속도（m/s》: 저속 3 단 0.8m/s",,,,,,,,,,,,,,,
PPS-DEV-129,0,0,0,0,0,0,0,0,0,0,0,0,0,0,0,0,0,0,0,0,0,0,0,0,,,,,,,,,,,,,,,,,,,,,,,,
PPS-DEV-130,0,0,0,0,0,0,0,0,0,0,0,0,0,0,0,0,0,0,0,0,0,0,0,0,,,,,,,,,,,,,,,,,,,,,,,,
PPS-DEV-131,0,0,0,0,0,0,0,0,0,0,0,0,0,0,0,0,0,0,0,1,0,0,0,0,,,,,,,,,,,,,,,,,,,,,,,,
PPS-DEV-132,0,0,0,0,0,0,0,0,0,0,0,0,0,0,0,1,0,0,0,1,0,0,0,0,,,,,,,,,,,,,,,,,,,,,,,,
PPS-DEV-133,0,0,0,0,0,0,0,0,1,0,0,0,0,0,0,0,0,0,0,0,0,0,0,0,,,,,,,,,※ 본 규격은 사용 중인 RHEL 사용 권한 및 기술지원에 대한 연간 갱신을 위한 규격으로 업무연속성 및 호환성 확보를 위해 기존과 동일한 제조사의 단일 규격으로 지정,,,,,,,,,,,,,,,
PPS-DEV-134,0,0,0,0,0,0,0,0,0,0,0,0,0,0,0,0,0,0,0,1,0,0,0,0,,,,,,,,,,,,,,,,,,,,,,,,
PPS-DEV-135,0,0,0,0,0,0,0,0,0,0,0,0,0,0,0,0,0,0,0,1,0,1,0,0,,,,,,,,,,,,,,,,,,,,,,나. 사업설명회 : 개최함(일시·장소는 나라장터 공고 게시판에 공지). 사업설명회에 참석하지 아니한 업체의 입찰 참가는 허용되지 않습니다.,,
PPS-DEV-136,0,0,0,0,0,0,0,0,0,0,0,0,0,0,0,0,0,0,0,0,0,1,0,0,,,,,,,,,,,,,,,,,,,,,,"사. 본 용역의 원활한 수행을 위하여 현장설명회를 개최하며(일시·장소는 개별 통보), 현장설명회 참석업체에 한하여 제안서 제출 자격을 부여합니다.",,
PPS-DEV-137,0,0,0,0,0,0,0,0,0,0,0,0,0,0,0,0,0,0,0,0,0,1,0,0,,,,,,,,,,,,,,,,,,,,,,o 사업설명회 : 별도 개최(세부 일정·장소는 나라장터에 추후 공지). 설명회 미참석 업체의 제안서는 접수하지 않음,,
PPS-DEV-138,0,0,0,0,0,0,0,0,0,0,0,0,0,0,0,0,0,0,0,0,0,1,0,0,,,,,,,,,,,,,,,,,,,,,,"과업 이해를 돕기 위한 사업설명회를 개최할 예정이며(일정·장소는 개별 안내), 설명회 불참 업체는 입찰 참가 대상에서 제외함",,
PPS-DEV-139,0,0,0,0,0,0,0,0,0,0,0,1,0,0,0,0,1,0,0,0,0,0,1,0,,,,,,,,,,,,‘직접생산확인증명서’가 중소기업제품 공공구매종합정보망(http://www.smpp.go.kr)에서 확인되지 않을 경우 입찰 참가자격이 없습니다.,,,,,「중소기업기본법」 제2조에 따른 중·소기업 및 「소상공인 보호 및 지원에 관한 법률」 제2조에 따른 소상공인으로서 「중소기업 범위 및 확인에 관한 규정」에 따라 발급된 유효한 중·소기업ㆍ소상공인 확인서를 소지한 자,,,,,,현장설명회를 다음과 같이 개최합니다. 일시 : 2026. 3. 18.(수) 14:00 / 장소 : 발주기관 대회의실(세부사항은 담당부서 안내),
PPS-DEV-140,0,0,0,0,0,0,0,0,0,0,0,0,0,0,0,0,0,0,0,0,0,0,1,0,,,,,,,,,,,,,,,,,,,,,,,6. 사업설명 : 과업설명회 개최 — 2026. 2. 2.(월) 15:00부터 수요기관 중회의실에서 진행합니다.,
PPS-DEV-141,0,0,0,1,0,0,0,0,0,0,0,0,0,0,0,0,0,0,0,0,0,0,1,0,,,,"다. 입찰공고일 전일 기준으로 최근 5년 이내 국가, 지방자치단체, 공공기관 또는 민간 발주한 단일 건으로 8억원(부가가치세 포함) 이상의 축제행사, 문화행사 또는 이와 유사한 행사 대행 완료 실적이 있는 업체",,,,,,,,,,,,,,,,,,,"5. 제안요청서 설명: 실시함 — 일시 2026. 2. 6.(금) 11:00, 장소 발주기관 별관 회의동(안내사항은 공고 게시판 참조)",
PPS-DEV-142,0,0,0,0,0,0,0,0,0,0,0,0,0,0,0,0,1,0,0,0,0,0,0,0,,,,,,,,,,,,,,,,,(3) 입찰참가 대상에 따른 중소기업제품 구매촉진 및 판로지원에 관한 법률 시행령 제 2조의 2에 의거 소기업(소상공인) 또는 중기업 확인서를(응찰(개찰)일 까지 발급된 것으로 유효기간 내에 있어야 함)를 소지한 업체(2. 입찰에 부치는 사항 확인 必),,,,,,,
PPS-DEV-143,0,0,0,0,0,0,0,0,0,0,1,0,0,0,0,0,0,0,0,0,0,0,0,0,,,,,,,,,,,,,,,,,,,,,,,,
PPS-DEV-144,0,0,0,0,0,0,0,0,0,0,0,0,0,0,1,0,0,0,0,0,0,0,0,0,,,,,,,,,,,,,,,"다. 「중소기업기본법」 제2조에 따른 소기업자 또는 「소상공인 보호 및 지원에 관한 법률」
제2조에 따른 소상공인으로서 「중소기업범위 및 확인에 관한 규정(중소벤처기업부 고시)」에
따라 발급된 「소기업·소상공인 확인서」를 소지한 업체이어야만 합니다.",,,,,,,,,
PPS-DEV-145,1,0,0,0,0,0,0,0,0,0,0,0,0,0,0,0,0,0,0,0,0,0,0,0,"○ 경쟁입찰에서 담합을 주도한 것이 사실로 드러날 경우 [수요기관(공공기관)]에서 발주하는 입찰에 입찰참가자격 제한 처분을 받은 날로부터 11개월 이상 1년 1개월 미만 입찰에 참가하지 않겠으며,",,,,,,,,,,,,,,,,,,,,,,,
PPS-DEV-146,0,0,0,0,0,0,0,0,0,0,0,0,0,0,0,0,0,0,0,0,0,0,0,0,,,,,,,,,,,,,,,,,,,,,,,,
PPS-DEV-147,1,0,0,0,0,1,0,0,0,0,0,0,0,0,0,0,0,0,0,0,0,0,0,0,"※ 첨부 서류 : 신분증, 재직증명서 1부 ※ 위임장에 사용하는 도장은 신고된 사용인감(대표자 인감도장)과 같아야 함 ※ 대리 접수로 인하여 발생하는 모든 문제는 대표자 본인이 모든 책임짐
〔별지 제7호 서식〕
보 안 각 서 〔별지 제7호 서식〕 본인(본사)은 [수요기관(공공기관)]이 발주한 경주학 시민 토크콘서트 <경주, 요즘 어때?> 행사 대행 용역 제안참여와 관련하여 다음 사항을 준수할 것을 각서로 제출합니다. 1. 본인은 금번 경주학 시민 토크콘서트 <경주, 요즘 어때?> 행사 대행 용역 관련 제안 참여에 있어 제안요청 상의 제반 보안사항을 철저히 이행하겠으며, 2. 보안사항을 외부에 누설시켜 중대한 문제점이 발생하였을 경우에는 보안관련 제 법규에 의거 처벌받음은 물론 어떠한 제재조치를 취하여도 이의를 제기하지 않을 것임. 2026년 월 일 업 체 명 : 주 소 : 대 표 자 : (인) [수요기관(공공기관)]장 귀하
〔별지 제8호 서식〕
공공저작물 자유이용허락 동의서 ❐ 저작",,,,,입찰공고일 전일부터 입찰일까지 법인등기부상 본점소재지를 경상북도에 둔 자,,,,,,,,,,,,,,,,,,
PPS-DEV-148,0,0,0,0,0,0,0,0,0,0,0,0,1,0,0,0,0,0,0,0,0,0,0,0,,,,,,,,,,,,,3.1.3. 「중소기업기본법」제2조제2항에 따른 소기업과 「소상공인 보호 및 지원에 관한 법률」에 따른 소상공인으로서 「중소기업 범위 및 확인에 관한 규정」에 따라 발급된 소기업·소상공인 확인서를 소지한 업체,,,,,,,,,,,
PPS-DEV-149,0,0,0,0,0,0,0,0,0,0,0,0,0,0,0,1,0,0,0,0,0,0,0,0,,,,,,,,,,,,,,,,,,,,,,,,
PPS-DEV-150,0,0,0,0,0,0,0,0,0,0,0,0,0,0,0,0,1,0,0,0,0,0,0,0,,,,,,,,,,,,,,,,,(3) 입찰참가 대상에 따른 중소기업제품 구매촉진 및 판로지원에 관한 법률 시행령 제 2조의 2에 의거 소기업(소상공인) 또는 중기업 확인서를(응찰(개찰)일 까지 발급된 것으로 유효기간 내에 있어야 함)를 소지한 업체(2. 입찰에 부치는 사항 확인 必),,,,,,,
PPS-DEV-151,0,0,0,0,0,0,0,0,0,0,0,0,0,0,0,0,0,1,0,0,0,0,0,0,,,,,,,,,,,,,,,,,,,,,,,,
PPS-DEV-152,1,0,0,0,0,0,0,0,1,0,0,0,0,0,0,0,0,0,0,0,0,0,0,0,※ 신용평가등급 확인서의 용도는 「공공기관 적격심사 제출용」에 한하여 인정합니다.,,,,,,,,"『전동차 냉방장치용 압축기 등 1종 구매』 BRISTOL COMPRESSORS 원제조(공급)사는 KULTHORN KIRBY社이며, 계약상대자는 제시한 규격을 참고하여 원제조사의 순정품을 납품하여야 합니다.",,,,,,,,,,,,,,,
PPS-DEV-153,1,1,0,1,0,0,0,0,0,0,0,0,0,0,0,0,0,0,0,0,0,0,0,0,"- 유사용역 수행실적은 공고일 기준, 최근 5년 이내 2천만원 이상의 용역 준공분을 대상으로 하며, 국가 및 지방자치단체 또는 국가 및 지방자치단체 산하 공사·공단 등 공공기관의「역량평가 제도개선」,「역량평가 과제개발」,「역량평가 운영」,「역량개발 교육」용역 등 수행실적 등 과업 목적에 부합되는 분야에 참여한 실적에 한함(실적의 인정 여부는 발주처에서 판단함)","- 유사용역 수행실적은 공고일 기준, 최근 5년 이내 2천만원 이상의 용역 준공분을 대상으로 하며, 국가 및 지방자치단체 또는 국가 및 지방자치단체 산하 공사·공단 등 공공기관의「역량평가 제도개선」,「역량평가 과제개발」,「역량평가 운영」,「역량개발 교육」용역 등 수행실적 등 과업 목적에 부합되는 분야에 참여한 실적에 한함(실적의 인정 여부는 발주처에서 판단함)",,"- 유사용역 수행실적은 공고일 기준, 최근 5년 이내 2천만원 이상의 용역 준공분을 대상으로 하며, 국가 및 지방자치단체 또는 국가 및 지방자치단체 산하 공사·공단 등 공공기관의「역량평가 제도개선」,「역량평가 과제개발」,「역량평가 운영」,「역량개발 교육」용역 등 수행실적 등 과업 목적에 부합되는 분야에 참여한 실적에 한함(실적의 인정 여부는 발주처에서 판단함)",,,,,,,,,,,,,,,,,,,,
PPS-DEV-154,0,0,0,0,0,0,0,0,0,0,0,0,0,0,0,0,0,1,0,0,0,0,0,0,,,,,,,,,,,,,,,,,,,,,,,,
PPS-DEV-155,0,0,0,0,0,0,0,0,0,0,0,0,0,0,0,0,0,0,0,0,0,0,0,0,,,,,,,,,,,,,,,,,,,,,,,,
PPS-DEV-156,0,0,0,0,0,0,0,0,0,0,0,0,0,0,0,0,0,0,0,0,0,0,0,0,,,,,,,,,,,,,,,,,,,,,,,,
PPS-DEV-157,0,0,0,0,0,0,0,0,0,0,0,0,0,0,0,0,0,0,0,0,0,0,0,0,,,,,,,,,,,,,,,,,,,,,,,,
PPS-DEV-158,0,0,0,0,0,0,0,0,0,0,0,0,0,0,0,0,0,0,1,0,0,0,0,0,,,,,,,,,,,,,,,,,,,"[1] 직접이행의무 확약서
직접이행의무 확약서 ◻ 계약번호 : |
◻ 계약건명 : |
◻ 계약금액 : |
본 구매(공급)계약을 체결하는 당사는 아래 내용의 기술원「물품구매(제조)계약 일반조건」
제32조에 따른 직접이행의무를 준수하고, 위반 시 불이익처분에 동의함을 확약합니다.
제32조(직접이행의무) ① 구매(공급)계약을 체결한 계약상대자는 당사자의 책임 하에 제조자(업체) 또는 공급자(업체) 선정․관리 등 계약상의 모든 의무를 직접 이행하여야 한다. ② 계약상대자의 다음 각 호의 어느 하나에 해당하는 행위는 제1항의 직접이행의무를 회피하는 행위로 간주한다. 다만, 기술원의 사전 승인을 받은 경우에는 그러하지 아니한다. 1. 브로커와 체결한 협약 등에 의해 입찰에 참여하거나, 계약 후 계약대금의 일부를 지급·보장받는 조건으로, 제조업체 또는 공급업체 선정·관리 등 계약상대자로서의 직접이행의무 전부 또는 일부를 브로커 등 제3자에 전가한 경우 2. 채권양도 승인규정(조달청 훈령)을 준수",,,,,
PPS-DEV-159,0,0,0,0,0,0,0,0,0,0,0,0,0,0,0,0,0,0,0,0,0,0,0,0,,,,,,,,,,,,,,,,,,,,,,,,
PPS-DEV-160,0,0,0,0,0,0,0,0,0,0,0,0,0,0,0,0,1,0,0,0,0,0,0,0,,,,,,,,,,,,,,,,,"※ <소기업·소상공인 확인서>는 적격심사서류 제출마감일까지(수의계약의 경우 계약체결일까지) 발급된 것으로 유효기간 내에 있어야 하며, 중소기업 공공구매 종합정보망에서 확인이 되어야 합니다.",,,,,,,
PPS-DEV-161,0,0,0,0,0,0,0,0,0,0,0,0,0,0,0,0,0,0,0,0,0,0,0,0,,,,,,,,,,,,,,,,,,,,,,,,
PPS-DEV-162,0,0,0,0,0,0,0,0,0,0,0,0,0,0,0,0,0,0,0,0,0,0,0,0,,,,,,,,,,,,,,,,,,,,,,,,
PPS-DEV-163,0,0,0,0,0,0,0,0,0,1,0,0,0,0,0,0,0,0,0,0,0,0,0,0,,,,,,,,,,,,,,,,,,,,,,,,
PPS-DEV-164,0,0,0,0,0,0,0,0,0,0,0,0,0,0,0,0,0,0,0,0,0,0,0,0,,,,,,,,,,,,,,,,,,,,,,,,
PPS-DEV-165,0,0,0,0,0,0,0,0,0,0,0,0,0,0,0,0,0,0,0,0,0,0,0,0,,,,,,,,,,,,,,,,,,,,,,,,
PPS-DEV-166,0,0,0,0,0,0,0,0,0,0,0,0,0,0,0,0,0,0,0,0,0,0,0,0,,,,,,,,,,,,,,,,,,,,,,,,
PPS-DEV-167,0,0,0,0,0,0,0,0,0,0,0,0,0,0,0,0,0,0,0,0,0,0,0,0,,,,,,,,,,,,,,,,,,,,,,,,
PPS-DEV-168,0,0,0,0,0,0,0,0,0,0,0,0,0,0,0,0,0,0,0,0,0,0,0,0,,,,,,,,,,,,,,,,,,,,,,,,
PPS-DEV-169,0,0,0,0,0,0,0,0,0,0,0,0,1,0,0,0,0,0,0,0,0,0,0,0,,,,,,,,,,,,,"나.「중소기업제품 구매촉진 및 판로지원에 관한 법률 시행령」제2조의2에 따라「중소기업기본법」제2조제2항에 따른 중･소기업 또는「소상공인 보호 및 지원에 관한 법률」제2조에 따른 소상공인으로서「중소기업 범위 및 확인에 관한 규정(중소벤처기업부고시)」에 따라 발급된 중･소기업･소상공인 확인서를 소지하고,「중소기업제품 구매촉진 및 판로지원에 관한 법률」제9조 및 같은 법 시행령 제 10조에 따라 기타행사기획및대행서비스(8014199001)에 대한 직접생산확인증명서를 소지한 업체",,,,,,,,,,,
PPS-DEV-170,0,0,0,0,0,0,0,0,0,1,0,0,1,0,0,0,0,0,0,0,0,0,0,0,,,,,,,,,,,,,"▪ [중소기업 및 소상공인 확인서]는 「중소기업 범위 및 확인에 관한 규정」에 따라 유효기간내에
있어야 하며, 중소기업 공공구매 종합정보망([URL])에서 확인이 안될 경우 입찰
참가자격이 없습니다.
(나라장터 시스템, 공공구매 종합정보망에서 확인이 될 경우 서류 제출은 면제할 수 있음)",,,,,,,,,,,
PPS-DEV-171,0,0,0,0,0,0,0,0,0,0,0,0,0,0,0,0,0,0,0,0,0,0,0,0,,,,,,,,,,,,,,,,,,,,,,,,
PPS-DEV-172,0,0,0,0,0,0,0,0,0,0,0,1,0,0,0,0,0,1,0,0,0,0,0,0,,,,,,,,,,,,"계약상대자가 직접생산 확인기준을 위반한 사실을 확인한 경우 계약해지, 계약보증금 국고 귀속, 입찰참가자격제한 등의 조치를 할 수 있습니다. 다만, 해당 계약물품을 직접생산 확인기준을 위반하여 제조·납품한 사실이 없는 경우에는 입찰참가자격제한 조치는 제외할 수 있습니다.",,,,,,,,,,,,
PPS-DEV-173,0,0,0,0,0,0,0,0,0,0,0,1,0,0,0,0,0,1,0,0,0,0,0,0,,,,,,,,,,,,"바. 계약담당공무원은 계약상대자가 직접생산 확인기준을 위반한 사실을 확인한 경우 계약해지, 계약보증금 국고 귀속, 입찰참가자격 제한 등의 조치를 할 수 있습니다. 다만, 해당 계약 물품을 직접생산 확인기준을 위반하여 제조․납품한 사실이 없는 경우에는 입찰참가자격 제한 조치는 제외할 수 있습니다.",,,,,,,,,,,,
PPS-DEV-174,0,0,0,0,0,0,0,0,0,0,0,0,0,0,0,0,0,0,0,0,0,0,0,0,,,,,,,,,,,,,,,,,,,,,,,,
PPS-DEV-175,0,0,0,0,0,0,0,0,0,0,0,0,0,0,0,0,1,0,0,0,0,0,0,0,,,,,,,,,,,,,,,,,"다. 중소기업제품 구매촉진 및 판로지원에 관한 법률(이하 판로지원법)｣ 제8조의 2에 해당하지 않는 자로서 중소기업 범위 및 확인에 관한 규정에 따라 발급된 소기업·소상공인 확인서(이하 확인서)를 소지한 자(다만, ｢판로지원법｣ 제33조 제1항에 의거 중소기업자로 간주되는 특별법인도 해당 입찰참가자격이 있음)이어야 합니다.",,,,,,,
PPS-DEV-176,0,0,0,0,0,0,0,0,0,0,0,0,0,0,0,0,0,0,0,0,0,0,0,0,,,,,,,,,,,,,,,,,,,,,,,,
PPS-DEV-177,0,0,0,0,0,0,0,0,0,1,0,0,0,0,0,0,0,0,0,0,0,0,0,0,,,,,,,,,,,,,,,,,,,,,,,,
PPS-DEV-178,1,0,0,0,0,0,0,0,0,0,0,0,0,1,0,0,0,0,0,0,0,0,0,0,"(1) 기계설비설치에 사용하는 기기 및 자재는 KS표시 인증제품으로 하되 KS표시 인증제품이 없는 경우는 중소기업청 등의 공공기관
제정에 의해 인증된 제품 또는 기능과 성능이 보장될 수 있는 제품에 한하여 담당원 또는 감리자와 협의하여 사용할 수 있으며
이에 대한 절차는 설치시방서에 따른다.",,,,,,,,,,,,,"◦ 낙찰자가 「중소기업기본법」 제2조에 따른 중소기업인 경우 「상생협력법」에
따른 납품대금 연동을 위하여 “납품대금 표준 연동계약서(계약금액 산출내역서 포함)”를
작성하여 낙찰통지를 받은 날로부터 7일 이내 제출하여야 하며 [수요기관(공기업)]와
협의 후 확정하여 계약 체결합니다. 다만, 납품대금 연동을 원하지 않을 경우
“납품대금 미연동계약서”에 취지와 사유를 명시하여 제출하여야 합니다.",,,,,,,,,,
PPS-DEV-179,0,0,0,0,0,0,0,0,0,0,0,0,0,0,0,0,0,0,0,0,0,0,0,0,,,,,,,,,,,,,,,,,,,,,,,,
PPS-DEV-180,0,0,0,0,0,0,0,0,0,0,0,0,0,0,0,0,0,0,0,0,0,0,0,0,,,,,,,,,,,,,,,,,,,,,,,,
PPS-DEV-181,0,0,0,0,0,0,0,0,0,0,0,0,0,0,0,0,0,0,0,0,0,0,0,0,,,,,,,,,,,,,,,,,,,,,,,,
PPS-DEV-182,0,0,0,0,0,0,0,0,0,0,0,0,0,1,0,0,0,0,0,0,0,0,0,0,,,,,,,,,,,,,,2) 「중소기업기본법」제2조 제2항에 따른 중소기업 또는 「소상공인 보호 및 지원에 관한 법률」제2조에 따른 소상공인으로 「중·소기업·소상공인 및 장애인기업 확인요령」에 따라 발급된 중소기업 또는 소상공인 확인서를 소지한 업체,,,,,,,,,,
PPS-DEV-183,0,0,0,0,0,0,0,0,0,0,0,0,0,0,0,0,0,0,0,0,0,0,0,0,,,,,,,,,,,,,,,,,,,,,,,,
PPS-DEV-184,0,0,0,0,0,0,0,0,0,0,0,0,0,0,0,0,0,0,0,0,0,0,0,0,,,,,,,,,,,,,,,,,,,,,,,,
PPS-DEV-185,0,0,0,0,0,0,0,0,0,0,0,0,0,0,0,0,0,0,0,0,0,0,0,0,,,,,,,,,,,,,,,,,,,,,,,,
PPS-DEV-186,0,0,0,0,0,0,0,0,0,0,0,0,0,0,0,0,0,0,0,0,0,0,0,0,,,,,,,,,,,,,,,,,,,,,,,,
PPS-DEV-187,0,0,0,0,0,0,0,0,0,0,0,0,0,0,0,0,0,0,0,0,0,0,0,0,,,,,,,,,,,,,,,,,,,,,,,,
PPS-DEV-188,0,0,0,0,0,0,0,0,0,0,0,0,0,0,0,0,0,0,0,0,0,0,0,0,,,,,,,,,,,,,,,,,,,,,,,,
PPS-DEV-189,0,0,0,0,0,0,0,0,0,0,0,0,0,0,0,0,0,0,0,0,0,0,0,0,,,,,,,,,,,,,,,,,,,,,,,,
PPS-DEV-190,0,0,0,0,0,0,0,0,0,0,0,0,0,0,0,0,0,0,0,0,0,0,0,0,,,,,,,,,,,,,,,,,,,,,,,,
PPS-DEV-191,0,0,0,0,0,0,0,0,0,0,0,1,0,0,1,0,0,0,0,0,0,0,1,0,,,,,,,,,,,,"- 제안서 접수 마감일 전 일까지 유효기간이 만료되지 않은 축제기획 및 대행서비스
(90151890) 직접생산증명서를 소지한 업체",,,"법률」 제2조에 따른 소상공인으로서 ""중소기업 범위 및 확인에 관한 규정""에 따라
발급된 중소기업․소상공인 확인서(제안서 접수 마감일 전 일 발급된 것으로 유효기
간 내에 있어야 함)를 소지한 자",,,,,,,,"3. 사업설명회 2026. 6. 2.(화) 14:00
([지역:r1|단위=기초|광역=경상남도] [상세주소], [상세주소])",
PPS-DEV-192,0,0,0,0,0,0,0,0,0,0,0,0,1,0,0,0,0,0,0,0,0,0,0,0,,,,,,,,,,,,,라. 「중소기업제품 구매촉진 및 판로지원에 관한 법률」 등에 따른 소기업 또는 소상공인으로서 「중소기업 범위 및 확인에 관한 규정」과 「지방자치단체 입찰 및 계약 집행기준」에 따라 소기업・소상공인 확인서를 소지한 업체,,,,,,,,,,,
PPS-DEV-193,0,0,0,0,0,0,0,0,0,0,0,0,1,0,0,0,0,0,0,0,0,0,0,0,,,,,,,,,,,,,④ 「중소기업기본법」제2조에 따른 소기업자 또는「소상공인기본법」제2조에 따른 소상공인으로 소기업․소상공인 확인서를 소지한 자 이어야 합니다.,,,,,,,,,,,
PPS-DEV-194,0,0,0,0,0,0,0,0,0,0,0,0,0,0,0,0,0,0,0,0,0,0,0,0,,,,,,,,,,,,,,,,,,,,,,,,
PPS-DEV-195,0,0,0,0,0,0,0,0,0,0,0,0,0,0,0,0,0,1,0,0,0,0,0,0,,,,,,,,,,,,,,,,,,,,,,,,
PPS-DEV-196,0,0,0,0,0,0,0,0,0,0,0,0,0,0,0,0,0,0,0,0,0,0,0,0,,,,,,,,,,,,,,,,,,,,,,,,
PPS-DEV-197,0,0,0,0,0,0,0,0,0,0,0,0,0,0,0,0,0,0,0,0,0,0,0,0,,,,,,,,,,,,,,,,,,,,,,,,
PPS-DEV-198,0,0,0,0,0,0,0,0,0,0,0,0,1,0,0,0,0,0,0,0,0,0,0,0,,,,,,,,,,,,,"마. 「중소기업기본법」 제2조제2항에 따른 소기업 또는 「소상공인 보호 및 지원에 관한 법률」제2조에 따른 소상공인으로서, ｢중소기업제품 구매촉진 및 판로지원에 관한 법률 시행령｣ 제2조의2(중소기업자와의 우선조달계약)에 의하여 “중소기업 범위 및 확인에 관한 규정”에 따라 발급된 소기업ㆍ소상공인 확인서를 소지한 업체",,,,,,,,,,,
PPS-DEV-199,0,0,0,0,0,0,0,0,0,0,0,0,0,0,0,0,0,0,0,0,0,0,0,0,,,,,,,,,,,,,,,,,,,,,,,,
PPS-DEV-200,0,0,0,0,0,0,0,0,0,0,0,0,0,0,0,0,0,0,0,0,0,0,0,0,,,,,,,,,,,,,,,,,,,,,,,,
